CLV_quartile,Churn
Low,0.1890359168241966
Medium,0.3251184834123223
High,0.39299242424242425
Premium,0.1543560606060606
