,Precision,Recall,F1,AUC
LogisticRegression,0.4087677725118483,0.9224598930481284,0.5665024630541872,0.837947247410163
RandomForest,0.4890625,0.8368983957219251,0.6173570019723866,0.8294582655196465
XGBoost,0.5454545454545454,0.6256684491978609,0.5828144458281445,0.8083727298561056
